{"cameraMode":{"drawMode":0,"name":"Shaded","section":"Shading Mode"},"sceneLighting":true,"audioPlay":false,"sceneViewState":{"showFog":true,"showMaterialUpdate":false,"showSkybox":true,"showFlares":true,"showImageEffects":true,"showParticleSystems":true},"in2DMode":false,"pivot":{"x":115.17696380615235,"y":87.73573303222656,"z":-240.24798583984376},"rotation":{"x":0.3107389807701111,"y":-0.3134518265724182,"z":-0.10936325788497925,"w":-0.8906389474868774},"size":224.55540466308595,"orthographic":false}